{"cameraMode":{"drawMode":0,"name":"Shaded","section":"Shading Mode"},"sceneLighting":true,"audioPlay":false,"sceneViewState":{"showFog":true,"showMaterialUpdate":false,"showSkybox":true,"showFlares":true,"showImageEffects":true,"showParticleSystems":true},"in2DMode":false,"pivot":{"x":10.025671005249024,"y":7.751733779907227,"z":24.56922149658203},"rotation":{"x":-0.0658852756023407,"y":-0.9268179535865784,"z":0.3146756887435913,"w":-0.1940525323152542},"size":12.052766799926758,"orthographic":false}