{"cameraMode":{"drawMode":0,"name":"Shaded","section":"Shading Mode"},"sceneLighting":true,"audioPlay":false,"sceneViewState":{"showFog":true,"showMaterialUpdate":true,"showSkybox":true,"showFlares":true,"showImageEffects":true,"showParticleSystems":true},"in2DMode":false,"pivot":{"x":12.172907829284668,"y":-29.015625,"z":41.63822937011719},"rotation":{"x":0.08161725848913193,"y":0.7665421962738037,"z":-0.09943617880344391,"w":0.6291788816452026},"size":5.171441078186035,"orthographic":true}